City_ID,City,Country,Lat,Lng,Max Temp,Humidity,Cloudiness,Wind Speed,Current Description,Date
0,Mount Isa,AU,-20.7333,139.5,84.2,21,14,16.11,few clouds,2021-04-11 03:11:31
1,Mitsamiouli,KM,-11.3847,43.2844,81.32,76,94,8.81,light rain,2021-04-11 03:11:32
2,Geraldton,AU,-28.7667,114.6,89.6,33,85,25.32,overcast clouds,2021-04-11 03:11:32
3,Tiksi,RU,71.6872,128.8694,0.0,81,21,7.7,few clouds,2021-04-11 03:11:33
4,Namibe,AO,-15.1961,12.1522,79.14,69,45,5.61,scattered clouds,2021-04-11 03:06:36
5,New Norfolk,AU,-42.7826,147.0587,51.01,78,99,3.0,light rain,2021-04-11 03:09:28
6,Zyryanka,RU,65.75,150.85,2.98,78,100,11.95,overcast clouds,2021-04-11 03:11:33
7,Puerto Ayora,EC,-0.7393,-90.3518,75.99,94,76,3.0,broken clouds,2021-04-11 03:11:34
8,Potsdam,DE,52.3989,13.0657,44.01,93,100,1.01,moderate rain,2021-04-11 03:09:17
9,Carbonia,IT,39.1672,8.5222,59.0,94,40,12.66,light rain,2021-04-11 03:11:34
10,Tasiilaq,GL,65.6145,-37.6368,24.8,68,32,14.97,scattered clouds,2021-04-11 03:09:37
11,Santa Marta,CO,11.2408,-74.199,82.0,78,20,5.75,few clouds,2021-04-11 03:11:35
12,Sao Felix Do Xingu,BR,-6.6447,-51.995,71.47,97,86,1.43,overcast clouds,2021-04-11 03:11:35
13,Twante,MM,16.7167,95.9333,86.0,70,75,4.61,broken clouds,2021-04-11 03:11:36
14,Clyde River,CA,70.4692,-68.5914,23.0,80,90,12.66,overcast clouds,2021-04-11 03:11:36
15,Hobart,AU,-42.8794,147.3294,51.01,76,75,17.27,moderate rain,2021-04-11 03:11:00
16,Ribeira Grande,PT,38.5167,-28.7,61.5,93,90,15.99,overcast clouds,2021-04-11 03:11:37
17,Port Lincoln,AU,-34.7333,135.8667,61.65,54,71,13.65,broken clouds,2021-04-11 03:11:37
18,Kodino,RU,63.7198,39.6447,33.37,79,99,12.55,overcast clouds,2021-04-11 03:11:38
19,Maceio,BR,-9.6658,-35.7353,71.6,100,75,5.75,broken clouds,2021-04-11 03:11:38
20,Nikolskoye,RU,59.7035,30.7861,35.01,74,0,6.71,clear sky,2021-04-11 03:09:37
21,Alofi,NU,-19.0595,-169.9187,82.4,69,10,4.61,clear sky,2021-04-11 03:11:38
22,Port Alfred,ZA,-33.5906,26.891,69.08,86,100,4.7,overcast clouds,2021-04-11 03:11:39
23,Iqaluit,CA,63.7506,-68.5145,21.2,93,90,20.71,snow,2021-04-11 03:11:39
24,Port Macquarie,AU,-31.4333,152.9167,78.01,31,1,3.0,clear sky,2021-04-11 03:05:39
25,Tessalit,ML,20.1986,1.0114,82.13,13,1,5.86,clear sky,2021-04-11 03:08:52
26,Upernavik,GL,72.7868,-56.1549,11.93,87,50,7.36,scattered clouds,2021-04-11 03:11:40
27,Iranshahr,IR,27.2025,60.6848,66.2,26,0,1.14,clear sky,2021-04-11 03:07:15
28,Kaduqli,SD,11.0167,29.7167,80.74,9,100,10.58,overcast clouds,2021-04-11 03:09:07
29,Santa Cruz,BO,-17.8,-63.1667,75.2,94,75,9.22,broken clouds,2021-04-11 03:10:03
30,Bonavista,CA,48.6499,-53.1147,39.0,100,100,4.61,light rain,2021-04-11 03:11:41
31,Codrington,AU,-38.2667,141.9667,54.99,60,100,20.94,overcast clouds,2021-04-11 03:11:41
32,Hualmay,PE,-11.0964,-77.6139,69.08,86,100,6.49,overcast clouds,2021-04-11 03:11:41
33,Torbay,CA,47.6666,-52.7314,34.0,100,90,6.91,mist,2021-04-11 03:11:42
34,Zhigansk,RU,66.7697,123.3711,9.61,78,1,16.67,clear sky,2021-04-11 03:11:42
35,Hithadhoo,MV,-0.6,73.0833,83.34,69,92,9.64,overcast clouds,2021-04-11 03:11:42
36,Brae,GB,60.3964,-1.353,32.0,86,89,10.36,overcast clouds,2021-04-11 03:11:43
37,Okhotsk,RU,59.3833,143.3,23.31,87,100,26.75,snow,2021-04-11 03:11:43
38,Castro,BR,-24.7911,-50.0119,59.05,70,6,2.57,clear sky,2021-04-11 03:11:44
39,Fortuna,US,40.5982,-124.1573,46.99,76,1,12.66,clear sky,2021-04-11 03:11:44
40,Carnarvon,AU,-24.8667,113.6333,86.0,70,75,34.52,light rain,2021-04-11 03:11:44
41,Busselton,AU,-33.65,115.3333,59.0,94,100,5.01,moderate rain,2021-04-11 03:09:25
42,Kapaa,US,22.0752,-159.319,75.2,64,75,17.27,broken clouds,2021-04-11 03:11:45
43,Ushuaia,AR,-54.8,-68.3,46.4,66,40,5.75,scattered clouds,2021-04-11 03:07:24
44,Behbahan,IR,30.5959,50.2417,82.4,23,75,9.22,broken clouds,2021-04-11 03:11:45
45,Simao,CN,22.7886,100.9748,80.73,40,0,5.26,clear sky,2021-04-11 03:11:45
46,Bethanien,NA,-26.502,17.1583,70.92,35,0,3.29,clear sky,2021-04-11 03:11:46
47,Cochrane,CA,51.1834,-114.4687,30.99,69,75,24.16,broken clouds,2021-04-11 03:06:47
48,Cap-Aux-Meules,CA,47.3821,-61.8597,33.8,80,23,17.27,few clouds,2021-04-11 03:11:46
49,Yellowknife,CA,62.456,-114.3525,8.6,47,1,8.05,clear sky,2021-04-11 03:09:25
50,Dikson,RU,73.5069,80.5464,27.68,95,100,24.02,snow,2021-04-11 03:09:35
51,Hambantota,LK,6.1241,81.1185,78.8,94,0,4.61,clear sky,2021-04-11 03:11:47
52,Saint-Philippe,RE,-21.3585,55.7679,77.0,78,0,5.75,clear sky,2021-04-11 03:11:47
53,Rikitea,PF,-23.1203,-134.9692,78.57,75,14,12.12,few clouds,2021-04-11 03:09:31
54,Hyderabad,IN,17.3753,78.4744,77.0,78,40,6.91,haze,2021-04-11 03:08:46
55,Khatanga,RU,71.9667,102.5,21.61,94,100,15.12,light snow,2021-04-11 03:11:48
56,Hastings,GB,50.8552,0.5729,36.0,82,58,1.99,broken clouds,2021-04-11 03:11:49
57,Avarua,CK,-21.2078,-159.775,82.4,78,40,4.61,scattered clouds,2021-04-11 03:11:49
58,Vaini,TO,-21.2,-175.2,80.6,74,20,3.44,few clouds,2021-04-11 03:06:03
59,Isangel,VU,-19.55,169.2667,86.0,79,40,11.5,scattered clouds,2021-04-11 03:06:52
60,Yulara,AU,-25.2406,130.9889,73.4,33,0,17.27,clear sky,2021-04-11 03:11:50
61,Avera,US,33.194,-82.5271,62.6,96,1,5.75,clear sky,2021-04-11 03:11:50
62,Cidreira,BR,-30.1811,-50.2056,74.39,84,100,11.03,overcast clouds,2021-04-11 03:11:50
63,Albany,US,42.6001,-73.9662,64.0,63,100,2.8,overcast clouds,2021-04-11 03:05:55
64,Bluff,NZ,-46.6,168.3333,57.99,87,100,5.99,overcast clouds,2021-04-11 03:09:33
65,Mataura,NZ,-46.1927,168.8643,57.99,87,100,5.99,overcast clouds,2021-04-11 03:09:40
66,Ouallam,NE,14.3188,2.0866,82.44,9,42,10.8,scattered clouds,2021-04-11 03:09:25
67,Cape Town,ZA,-33.9258,18.4232,63.0,94,0,8.05,clear sky,2021-04-11 03:09:41
68,Atuona,PF,-9.8,-139.0333,80.87,74,59,17.31,broken clouds,2021-04-11 03:09:37
69,Shirokiy,RU,49.758,129.523,47.03,28,6,12.17,clear sky,2021-04-11 03:11:52
70,Provideniya,RU,64.3833,-173.3,3.67,87,100,23.11,light snow,2021-04-11 03:11:52
71,Bethel,US,41.3712,-73.414,57.0,91,100,3.22,overcast clouds,2021-04-11 03:11:53
72,Jamestown,US,42.097,-79.2353,61.0,72,1,20.71,clear sky,2021-04-11 03:09:24
73,Saskylakh,RU,71.9167,114.0833,11.25,72,100,12.21,overcast clouds,2021-04-11 03:09:34
74,Najran,SA,17.4924,44.1277,68.0,21,0,6.04,clear sky,2021-04-11 03:11:53
75,Meulaboh,ID,4.1363,96.1285,82.54,75,23,4.03,few clouds,2021-04-11 03:11:53
76,Lompoc,US,34.6391,-120.4579,51.8,76,27,11.5,scattered clouds,2021-04-11 03:09:23
77,Ravar,IR,31.2656,56.8055,73.02,22,96,5.77,overcast clouds,2021-04-11 03:11:54
78,Port Elizabeth,ZA,-33.918,25.5701,68.0,88,90,4.61,overcast clouds,2021-04-11 03:09:34
79,Hermanus,ZA,-34.4187,19.2345,57.0,95,100,3.4,overcast clouds,2021-04-11 03:11:54
80,Kavieng,PG,-2.5744,150.7967,81.43,81,64,11.18,moderate rain,2021-04-11 03:11:55
81,Banda Aceh,ID,5.5577,95.3222,84.51,69,25,5.7,scattered clouds,2021-04-11 03:11:55
82,East London,ZA,-33.0153,27.9116,64.4,100,90,2.3,overcast clouds,2021-04-11 03:11:55
83,Nantucket,US,41.2835,-70.0995,46.4,100,90,8.05,fog,2021-04-11 03:11:56
84,Longyearbyen,SJ,78.2186,15.6401,19.4,63,40,18.41,scattered clouds,2021-04-11 03:11:56
85,Arraial Do Cabo,BR,-22.9661,-42.0278,74.93,71,0,14.36,clear sky,2021-04-11 03:06:33
86,Tabas,IR,33.5959,56.9244,76.86,18,43,3.31,scattered clouds,2021-04-11 03:11:57
87,Saldanha,ZA,-33.0117,17.9442,57.2,88,100,9.69,overcast clouds,2021-04-11 03:11:57
88,Ancud,CL,-41.8697,-73.8203,54.0,100,90,14.97,light rain,2021-04-11 03:11:58
89,Qaanaaq,GL,77.484,-69.3632,12.9,91,100,7.0,light snow,2021-04-11 03:09:26
90,Kyzyl-Suu,KG,42.3414,78.0056,46.11,28,0,1.12,clear sky,2021-04-11 03:11:58
91,Butaritari,KI,3.0707,172.7902,82.15,75,100,9.62,overcast clouds,2021-04-11 03:11:58
92,Baykit,RU,61.67,96.37,28.26,91,100,3.53,overcast clouds,2021-04-11 03:11:59
93,Ternate,ID,0.8,127.4,83.88,70,100,5.44,overcast clouds,2021-04-11 03:11:59
94,Chuy,UY,-33.6971,-53.4616,69.12,97,100,8.61,moderate rain,2021-04-11 03:12:00
95,Sovetskiy,RU,61.3614,63.5842,35.24,99,100,4.79,moderate rain,2021-04-11 03:12:00
96,Kayerkan,RU,69.3497,87.7602,24.03,97,74,6.82,broken clouds,2021-04-11 03:12:00
97,Great Yarmouth,GB,52.6083,1.7305,37.99,75,40,5.75,scattered clouds,2021-04-11 03:12:01
98,Chokurdakh,RU,70.6333,147.9167,-7.96,91,20,0.63,few clouds,2021-04-11 03:12:01
99,Aguimes,ES,27.9054,-15.4461,64.99,77,20,11.5,few clouds,2021-04-11 03:12:01
100,Russkaya Polyana,UA,49.417,31.9201,38.26,55,0,0.78,clear sky,2021-04-11 03:12:02
101,Yarada,IN,17.65,83.2667,84.2,74,20,5.75,haze,2021-04-11 03:12:02
102,Severodvinsk,RU,64.5635,39.8302,35.6,80,75,8.95,broken clouds,2021-04-11 03:12:03
103,Yatou,CN,37.15,122.3833,58.1,53,40,14.83,light rain,2021-04-11 03:07:05
104,Cayenne,GF,4.9333,-52.3333,75.2,100,75,5.37,mist,2021-04-11 03:12:03
105,Atar,MR,20.5169,-13.0499,76.37,24,62,11.48,broken clouds,2021-04-11 03:09:46
106,Benghazi,LY,32.1167,20.0667,56.61,51,71,12.75,broken clouds,2021-04-11 03:12:04
107,Tabou,CI,4.423,-7.3528,79.2,85,54,6.71,broken clouds,2021-04-11 03:12:04
108,Kruisfontein,ZA,-34.0033,24.7314,59.14,76,82,4.07,broken clouds,2021-04-11 03:07:46
109,Saint-Louis,SN,16.3333,-15.0,78.62,30,49,11.88,scattered clouds,2021-04-11 03:12:04
110,San Rafael,AR,-34.6177,-68.3301,51.28,75,1,8.46,clear sky,2021-04-11 03:12:05
111,Safranbolu,TR,41.2508,32.6942,34.88,96,100,3.04,light snow,2021-04-11 03:10:09
112,Portland,US,45.5234,-122.6762,46.99,49,20,12.66,few clouds,2021-04-11 03:09:17
113,Isla Vista,US,34.4133,-119.861,63.0,67,1,5.75,clear sky,2021-04-11 03:08:51
114,Tuktoyaktuk,CA,69.4541,-133.0374,-11.2,70,1,12.66,clear sky,2021-04-11 03:12:06
115,Barrow,US,71.2906,-156.7887,-7.6,71,1,10.36,clear sky,2021-04-11 03:09:27
116,Georgetown,MY,5.4112,100.3354,87.8,83,20,3.44,few clouds,2021-04-11 03:10:08
117,Luhyny,UA,51.082,28.4006,37.72,70,9,6.44,clear sky,2021-04-11 03:10:12
118,Srednekolymsk,RU,67.45,153.6833,1.0,81,100,10.54,overcast clouds,2021-04-11 03:12:06
119,Kousseri,CM,12.0769,15.0306,80.6,10,0,9.22,clear sky,2021-04-11 03:12:07
120,Qasigiannguit,GL,68.8193,-51.1922,19.4,86,90,8.05,overcast clouds,2021-04-11 03:12:07
121,Waipawa,NZ,-41.4122,175.5153,69.8,64,20,19.57,few clouds,2021-04-11 03:12:08
122,Punta Arenas,CL,-53.15,-70.9167,46.4,71,20,23.02,few clouds,2021-04-11 03:12:08
123,Porto Tolle,IT,44.9497,12.3245,51.01,96,100,9.64,moderate rain,2021-04-11 03:12:08
124,Macas,EC,-2.3167,-78.1167,67.32,97,100,2.15,light rain,2021-04-11 03:12:09
125,Grand Island,US,40.925,-98.342,48.2,49,1,4.61,clear sky,2021-04-11 03:11:58
126,Katy,US,29.7858,-95.8244,68.0,51,20,5.75,few clouds,2021-04-11 03:12:09
127,Hamilton,US,39.1834,-84.5333,60.01,77,40,12.66,scattered clouds,2021-04-11 03:08:23
128,Cabo San Lucas,MX,22.8909,-109.9124,80.6,28,40,12.44,scattered clouds,2021-04-11 03:12:10
129,Magistralnyy,RU,56.1725,107.4458,21.47,58,86,7.31,overcast clouds,2021-04-11 03:12:10
130,Vila Velha,BR,-20.3297,-40.2925,73.99,88,0,4.61,clear sky,2021-04-11 03:12:10
131,Magadan,RU,59.5667,150.8,19.47,58,100,11.18,overcast clouds,2021-04-11 03:12:11
132,Sipe Sipe,BO,-17.45,-66.3833,60.01,72,100,2.26,overcast clouds,2021-04-11 03:12:11
133,Vila,PT,42.0304,-8.1588,50.0,94,89,5.99,overcast clouds,2021-04-11 03:12:11
134,Lithgow,AU,-33.4833,150.15,48.0,95,6,1.01,clear sky,2021-04-11 03:12:12
135,Saint-Joseph,RE,-21.3667,55.6167,77.0,78,0,5.75,clear sky,2021-04-11 03:12:12
136,Faya,SA,18.3851,42.4509,62.6,23,0,9.22,clear sky,2021-04-11 03:12:12
137,Liling,CN,27.6667,113.5,57.2,100,75,4.47,mist,2021-04-11 03:12:13
138,Chapais,CA,49.7834,-74.8492,50.0,50,90,9.22,overcast clouds,2021-04-11 03:12:13
139,Lagoa,PT,39.05,-27.9833,59.88,95,100,19.84,overcast clouds,2021-04-11 03:12:14
140,Lata,PT,40.1629,-8.3327,57.0,97,83,1.54,broken clouds,2021-04-11 03:12:14
141,Hilo,US,19.7297,-155.09,75.2,53,90,6.91,overcast clouds,2021-04-11 03:09:35
142,Bacabal,BR,-4.2917,-44.7917,73.49,93,100,4.07,light rain,2021-04-11 03:12:15
143,Chardara,KZ,41.2547,67.9692,49.89,42,0,14.81,clear sky,2021-04-11 03:12:15
144,Pingliang,CN,35.5392,106.6861,46.99,87,100,2.66,overcast clouds,2021-04-11 03:12:15
145,Sobolevo,RU,54.4299,31.8996,36.84,81,14,7.99,few clouds,2021-04-11 03:07:24
146,Tatawin,TN,32.9297,10.4518,57.2,77,98,3.44,overcast clouds,2021-04-11 03:12:16
147,Kizukuri,JP,40.8061,140.3861,55.99,46,20,5.75,few clouds,2021-04-11 03:12:16
148,Grand-Santi,GF,4.25,-54.3833,73.31,98,100,1.41,heavy intensity rain,2021-04-11 03:12:17
149,Norman Wells,CA,65.282,-126.8329,-5.8,77,90,12.66,light snow,2021-04-11 03:08:07
150,Matamoros,MX,25.5333,-103.25,87.8,7,1,5.91,clear sky,2021-04-11 03:12:17
151,Nanortalik,GL,60.1432,-45.2371,34.52,87,8,10.2,clear sky,2021-04-11 03:12:18
152,Robertsport,LR,6.7533,-11.3686,79.93,88,100,6.6,light rain,2021-04-11 03:12:18
153,Colfontaine,BE,50.4141,3.8557,39.99,93,90,12.66,light rain,2021-04-11 03:12:18
154,Malindi,KE,-3.2175,40.1191,78.04,86,100,8.68,light rain,2021-04-11 03:12:04
155,Pevek,RU,69.7008,170.3133,-7.91,89,73,2.33,broken clouds,2021-04-11 03:09:30
156,Pandan,PH,14.0453,124.1694,82.85,68,28,10.54,scattered clouds,2021-04-11 03:08:55
157,Malabo,GQ,3.75,8.7833,80.6,89,20,6.91,few clouds,2021-04-11 03:12:19
158,La Ronge,CA,55.1001,-105.2842,32.0,100,100,6.91,light snow,2021-04-11 03:12:20
159,Taoudenni,ML,22.6783,-3.9836,80.19,16,0,10.29,clear sky,2021-04-11 03:12:20
160,Pangoa,PE,-12.1167,-73.0,67.46,99,100,1.83,moderate rain,2021-04-11 03:12:20
161,Sisimiut,GL,66.9395,-53.6735,25.63,84,98,7.63,overcast clouds,2021-04-11 03:12:21
162,Shu,KZ,43.5983,73.7614,51.13,64,64,6.53,broken clouds,2021-04-11 03:12:21
163,Ahipara,NZ,-35.1667,173.1667,72.73,64,0,5.14,clear sky,2021-04-11 03:12:22
164,Mumford,GH,5.2618,-0.759,79.77,87,36,8.52,scattered clouds,2021-04-11 03:12:22
165,Adrar,MR,20.5022,-10.0711,73.36,24,0,12.37,clear sky,2021-04-11 03:12:22
166,Dingle,PH,10.9995,122.6711,87.15,59,73,11.56,broken clouds,2021-04-11 03:12:23
167,Kangaatsiaq,GL,68.3065,-53.4641,22.84,85,100,10.09,overcast clouds,2021-04-11 03:12:23
168,Gagino,RU,55.2314,45.0339,33.48,99,100,5.26,overcast clouds,2021-04-11 03:12:23
169,Port Keats,AU,-14.25,129.55,90.73,53,83,6.82,broken clouds,2021-04-11 03:11:07
170,Vestmannaeyjar,IS,63.4427,-20.2734,38.3,92,100,12.91,overcast clouds,2021-04-11 03:12:24
171,Pochutla,MX,15.7432,-96.4661,79.0,77,41,3.0,scattered clouds,2021-04-11 03:12:24
172,Kloulklubed,PW,7.0419,134.2556,82.4,83,75,8.05,broken clouds,2021-04-11 03:12:25
173,Vostok,RU,46.4856,135.8833,53.35,33,88,10.67,overcast clouds,2021-04-11 03:12:25
174,Souillac,MU,-20.5167,57.5167,77.0,83,40,9.22,scattered clouds,2021-04-11 03:12:26
175,Ilulissat,GL,69.2167,-51.1,19.4,86,90,8.05,overcast clouds,2021-04-11 03:08:23
176,Jalu,LY,29.0331,21.5482,52.41,42,52,11.01,broken clouds,2021-04-11 03:12:26
177,Cape Coast,GH,5.1053,-1.2466,79.66,87,31,7.09,scattered clouds,2021-04-11 03:12:26
178,Labuhan,ID,-6.8844,112.2051,81.88,78,64,4.92,broken clouds,2021-04-11 03:12:27
179,Sitka,US,57.0531,-135.33,35.6,64,90,4.61,overcast clouds,2021-04-11 03:12:27
180,Sao Filipe,CV,14.8961,-24.4956,75.11,62,3,7.14,clear sky,2021-04-11 03:12:27
181,Chimbote,PE,-9.0853,-78.5783,68.63,88,100,7.38,overcast clouds,2021-04-11 03:12:28
182,Bambous Virieux,MU,-20.3428,57.7575,79.0,83,40,9.22,scattered clouds,2021-04-11 03:12:29
183,Kirovskiy,RU,45.0917,133.5136,60.85,32,60,10.98,light rain,2021-04-11 03:12:29
184,Hervey Bay,AU,-25.2986,152.8535,87.8,42,68,8.05,broken clouds,2021-04-11 03:10:21
185,Dali,CN,25.7,100.1833,70.18,38,19,7.63,few clouds,2021-04-11 03:12:29
186,Bardstown,US,37.8092,-85.4669,57.2,58,1,6.91,clear sky,2021-04-11 03:09:46
187,Kazerun,IR,29.6195,51.6541,73.78,19,100,4.94,overcast clouds,2021-04-11 03:12:30
188,Baie-Comeau,CA,49.2168,-68.1489,30.2,74,1,5.75,clear sky,2021-04-11 03:12:31
189,Bajil,YE,15.0584,43.2851,75.85,76,9,1.72,clear sky,2021-04-11 03:12:31
190,Turukhansk,RU,65.8167,87.9833,32.7,97,100,10.92,overcast clouds,2021-04-11 03:12:31
191,Guaruja,BR,-23.9931,-46.2564,78.01,26,0,4.21,clear sky,2021-04-11 03:10:13
192,Husavik,IS,66.0449,-17.3389,24.8,63,0,3.44,clear sky,2021-04-11 03:12:32
193,Bredasdorp,ZA,-34.5322,20.0403,53.6,94,100,4.61,overcast clouds,2021-04-11 03:12:32
194,Pisco,PE,-13.7,-76.2167,68.0,77,0,4.61,clear sky,2021-04-11 03:09:19
195,Guerrero Negro,MX,27.9769,-114.0611,60.44,82,100,16.55,overcast clouds,2021-04-11 03:12:33
196,Weligama,LK,5.9667,80.4167,81.63,74,12,1.32,few clouds,2021-04-11 03:12:33
197,Cody,US,44.5263,-109.0565,35.01,80,90,24.16,overcast clouds,2021-04-11 03:10:43
198,Mayna,RU,54.1135,47.6231,34.56,99,100,6.93,overcast clouds,2021-04-11 03:12:33
199,Lingyuan,CN,41.24,119.4011,61.9,30,100,17.45,overcast clouds,2021-04-11 03:12:34
200,Saint-Pierre,RE,-21.3393,55.4781,78.8,73,0,6.91,clear sky,2021-04-11 03:12:34
201,Pakxan,LA,18.3778,103.6601,87.13,52,83,1.68,light rain,2021-04-11 03:12:35
202,Neiafu,TO,-18.65,-173.9833,80.6,78,40,4.41,scattered clouds,2021-04-11 03:12:35
203,Goderich,CA,43.7501,-81.7165,66.2,52,100,19.57,overcast clouds,2021-04-11 03:12:35
204,Sakakah,SA,29.9697,40.2064,50.0,46,0,10.36,clear sky,2021-04-11 03:10:55
205,Esmeraldas,BR,-19.7625,-44.3139,66.2,82,0,2.3,clear sky,2021-04-11 03:12:36
206,Hasaki,JP,35.7333,140.8333,64.0,54,75,6.91,broken clouds,2021-04-11 03:12:36
207,Wukari,NG,7.85,9.7833,81.03,68,100,8.68,overcast clouds,2021-04-11 03:12:37
208,Brockville,CA,44.5834,-75.6826,59.0,94,40,4.7,scattered clouds,2021-04-11 03:12:14
209,Namatanai,PG,-3.6667,152.4333,82.17,79,98,10.16,light rain,2021-04-11 03:12:37
210,San Juan,AR,-31.5375,-68.5364,52.09,78,72,3.56,broken clouds,2021-04-11 03:12:37
211,Saint Anthony,US,45.0205,-93.218,46.99,71,90,8.05,overcast clouds,2021-04-11 03:12:38
212,Marsassoum,SN,12.8275,-15.9806,71.6,88,0,2.3,clear sky,2021-04-11 03:12:38
213,Oktyabrskiy,RU,54.4815,53.471,42.96,77,100,15.26,light rain,2021-04-11 03:12:38
214,Faanui,PF,-16.4833,-151.75,82.6,70,41,8.55,scattered clouds,2021-04-11 03:09:32
215,Jamalpur,BD,24.9167,89.9333,86.16,57,1,7.67,clear sky,2021-04-11 03:12:39
216,Kodiak,US,57.79,-152.4072,33.8,69,90,10.36,overcast clouds,2021-04-11 03:06:01
217,Veraval,IN,20.9,70.3667,82.17,51,0,12.28,clear sky,2021-04-11 03:12:39
218,Rognan,NO,67.0953,15.3878,34.0,93,100,1.01,light snow,2021-04-11 03:12:40
219,Kaitangata,NZ,-46.2817,169.8464,63.0,84,98,7.0,light rain,2021-04-11 03:12:40
220,La Asuncion,VE,11.0333,-63.8628,80.6,83,100,9.22,overcast clouds,2021-04-11 03:12:41
221,Khandyga,RU,62.6667,135.6,20.91,94,100,8.72,snow,2021-04-11 03:12:41
222,Salalah,OM,17.0151,54.0924,78.8,73,20,2.3,few clouds,2021-04-11 03:08:28
223,Salinopolis,BR,-0.6136,-47.3561,78.44,87,100,8.75,overcast clouds,2021-04-11 03:12:41
224,Grand Gaube,MU,-20.0064,57.6608,79.0,73,100,5.99,overcast clouds,2021-04-11 03:12:42
225,Mar Del Plata,AR,-38.0023,-57.5575,64.4,72,90,20.71,overcast clouds,2021-04-11 03:11:30
226,Vernon,CA,50.2581,-119.2691,44.6,22,32,4.61,scattered clouds,2021-04-11 03:12:16
227,Tuatapere,NZ,-46.1333,167.6833,57.99,87,100,5.99,overcast clouds,2021-04-11 03:12:43
228,Severo-Kurilsk,RU,50.6789,156.125,31.42,75,29,23.82,scattered clouds,2021-04-11 03:12:43
229,Belmonte,BR,-15.8631,-38.8828,73.4,88,20,4.61,few clouds,2021-04-11 03:12:44
230,Fallon,US,39.4735,-118.7774,62.6,15,1,8.05,clear sky,2021-04-11 03:12:44
231,Grand Forks,US,47.9417,-97.4337,44.6,80,1,5.77,clear sky,2021-04-11 03:12:44
232,Lebu,CL,-37.6167,-73.65,51.03,87,6,6.78,clear sky,2021-04-11 03:09:30
233,Rio Cuarto,AR,-33.1307,-64.3499,51.01,86,2,14.0,clear sky,2021-04-11 03:12:45
234,Qui Nhon,VN,13.7667,109.2333,83.19,67,91,9.37,overcast clouds,2021-04-11 03:08:16
235,Victoria,HK,22.2855,114.1577,75.0,74,19,3.0,few clouds,2021-04-11 03:12:45
236,Tanout,NE,14.9709,8.8879,78.87,7,91,11.59,overcast clouds,2021-04-11 03:08:09
237,Ugoofaaru,MV,5.6667,73.0,82.96,69,2,0.94,clear sky,2021-04-11 03:12:46
238,Medea,DZ,36.2642,2.7539,59.0,88,40,4.61,scattered clouds,2021-04-11 03:12:46
239,Komsomolskiy,UZ,40.4272,71.7189,59.0,38,0,6.91,clear sky,2021-04-11 03:12:47
240,Lorengau,PG,-2.0226,147.2712,82.47,81,100,18.52,overcast clouds,2021-04-11 03:12:47
241,Thompson,CA,55.7435,-97.8558,33.8,64,40,9.22,scattered clouds,2021-04-11 03:12:47
242,Banjar,ID,-8.19,114.9675,86.0,79,40,5.75,scattered clouds,2021-04-11 03:12:48
243,Revelstoke,CA,50.9832,-118.2023,42.8,45,75,9.22,broken clouds,2021-04-11 03:12:48
244,Sharjah,AE,25.3573,55.4033,80.6,46,0,6.91,clear sky,2021-04-11 03:12:49
245,Prince Rupert,CA,54.3161,-130.3201,39.2,70,90,5.75,light snow,2021-04-11 03:12:49
246,Abu Zabad,SD,12.35,29.25,77.25,9,37,18.66,scattered clouds,2021-04-11 03:12:49
247,Taunggyi,MM,20.7833,97.0333,80.35,37,20,4.29,few clouds,2021-04-11 03:12:50
248,Marsala,IT,37.7966,12.4352,57.99,100,0,13.8,clear sky,2021-04-11 03:09:08
249,Kuandian,CN,40.7286,124.7847,58.3,44,99,12.3,overcast clouds,2021-04-11 03:12:50
250,Nha Trang,VN,12.25,109.1833,75.2,100,75,8.05,broken clouds,2021-04-11 03:12:50
251,Warmbad,NA,-28.45,18.7333,74.57,33,0,1.77,clear sky,2021-04-11 03:12:51
252,Palmdale,US,34.5794,-118.1165,64.4,19,1,20.71,clear sky,2021-04-11 03:12:51
253,Berlevag,NO,70.8578,29.0864,25.57,76,44,21.97,scattered clouds,2021-04-11 03:09:27
254,Dongsheng,CN,39.8161,109.9776,50.22,70,100,13.13,overcast clouds,2021-04-11 03:12:52
255,Tual,ID,-5.6667,132.75,83.55,70,78,10.51,broken clouds,2021-04-11 03:12:52
256,Sawtell,AU,-30.3833,153.1,73.4,49,0,8.05,clear sky,2021-04-11 03:12:52
257,Okha,RU,53.5739,142.9478,43.02,74,100,15.03,overcast clouds,2021-04-11 03:12:53
258,Umba,RU,66.6871,34.3429,29.37,85,18,13.18,few clouds,2021-04-11 03:12:53
259,Bengkulu,ID,-3.8004,102.2655,83.5,68,29,3.83,scattered clouds,2021-04-11 03:12:53
260,Kahului,US,20.8947,-156.47,75.2,60,40,10.36,scattered clouds,2021-04-11 03:09:38
261,Harper,LR,4.375,-7.7169,80.01,83,81,6.55,broken clouds,2021-04-11 03:12:54
262,Alirajpur,IN,22.3031,74.3546,86.47,18,4,5.91,clear sky,2021-04-11 03:12:54
263,Kyaukse,MM,21.6,96.1333,95.0,41,20,5.75,few clouds,2021-04-11 03:12:54
264,Khasan,RU,42.4308,130.6434,47.97,67,100,6.42,overcast clouds,2021-04-11 03:12:55
265,Kieta,PG,-6.2167,155.6333,79.99,83,100,4.27,light rain,2021-04-11 03:12:55
266,Iraucuba,BR,-3.7461,-39.7833,75.06,84,42,4.85,scattered clouds,2021-04-11 03:12:56
267,Shieli,KZ,44.1667,66.75,48.25,61,56,16.11,broken clouds,2021-04-11 03:12:56
268,Broken Hill,AU,-31.95,141.4333,60.8,41,90,19.57,overcast clouds,2021-04-11 03:12:57
269,Solwezi,ZM,-12.1688,26.3894,55.13,96,83,3.91,broken clouds,2021-04-11 03:12:57
270,Batagay-Alyta,RU,67.8006,130.4114,6.48,57,0,6.78,clear sky,2021-04-11 03:12:57
271,Nefteyugansk,RU,61.0998,72.6035,35.6,100,75,6.71,moderate rain,2021-04-11 03:12:58
272,Toktogul,KG,41.8708,72.9402,52.09,48,0,1.21,clear sky,2021-04-11 03:12:58
273,Mgandu,TZ,-5.95,34.1333,59.79,96,98,8.03,overcast clouds,2021-04-11 03:12:58
274,Sioux Lookout,CA,50.1001,-91.917,37.4,93,90,5.75,light intensity drizzle,2021-04-11 03:10:09
275,Wadena,US,46.4425,-95.1361,41.0,81,5,3.44,clear sky,2021-04-11 03:12:59
276,Blackfoot,US,43.1905,-112.345,50.0,27,1,25.32,clear sky,2021-04-11 03:12:57
277,Kidal,ML,18.4411,1.4078,81.54,13,0,8.99,clear sky,2021-04-11 03:13:00
278,Camalu,MX,30.85,-116.0667,55.99,58,77,1.99,broken clouds,2021-04-11 03:13:00
279,Riberalta,BO,-10.9833,-66.1,70.9,97,98,2.28,overcast clouds,2021-04-11 03:13:00
280,Ziarat,PK,30.3823,67.7282,57.81,18,36,3.02,scattered clouds,2021-04-11 03:13:01
281,Ponta Do Sol,PT,32.6667,-17.1,59.0,71,96,1.99,overcast clouds,2021-04-11 03:13:01
282,Luderitz,NA,-26.6481,15.1594,73.27,50,0,7.87,clear sky,2021-04-11 03:13:01
283,Newberry,US,34.2746,-81.6187,64.0,98,99,1.01,overcast clouds,2021-04-11 03:09:59
284,Samarai,PG,-10.6167,150.6667,83.32,64,87,14.05,overcast clouds,2021-04-11 03:13:02
285,Ust-Kut,RU,56.7938,105.7672,23.54,58,64,5.91,broken clouds,2021-04-11 03:13:02
286,Moindou,NC,-21.6924,165.677,82.4,83,75,8.05,broken clouds,2021-04-11 03:13:03
287,Ust-Barguzin,RU,53.45,108.9833,22.41,60,64,8.63,broken clouds,2021-04-11 03:13:03
288,Fonte Boa,BR,-2.4959,-66.2662,72.75,98,100,4.85,overcast clouds,2021-04-11 03:13:03
289,Nome,US,64.5011,-165.4064,12.99,67,90,18.41,overcast clouds,2021-04-11 03:13:04
290,Riyadh,SA,24.6877,46.7219,80.6,9,0,10.49,clear sky,2021-04-11 03:08:59
291,Dingzhou,CN,38.5131,114.9956,60.8,51,100,6.71,overcast clouds,2021-04-11 03:13:04
292,Waingapu,ID,-9.6567,120.2641,85.15,61,68,2.1,broken clouds,2021-04-11 03:13:05
293,Fort Morgan,US,40.2503,-103.8,55.4,14,1,5.75,clear sky,2021-04-11 03:13:05
294,Todos Santos,MX,23.45,-110.2167,66.99,85,100,4.59,overcast clouds,2021-04-11 03:13:05
295,Narsaq,GL,60.9167,-46.05,35.6,75,75,4.61,broken clouds,2021-04-11 03:13:06
296,Atamanovka,RU,51.93,113.63,30.2,24,100,6.71,overcast clouds,2021-04-11 03:13:06
297,Hofn,IS,64.2539,-15.2082,30.33,54,100,7.25,overcast clouds,2021-04-11 03:13:06
298,Klaksvik,FO,62.2266,-6.589,28.4,74,20,5.75,few clouds,2021-04-11 03:13:07
299,Roma,US,43.2128,-75.4557,62.01,62,1,4.83,clear sky,2021-04-11 03:12:46
300,Malim,PH,7.452,123.4312,82.74,69,40,5.1,scattered clouds,2021-04-11 03:13:07
301,Marsa Matruh,EG,31.3525,27.2453,55.4,54,0,8.05,clear sky,2021-04-11 03:13:08
302,Moussoro,TD,13.6408,16.4901,80.44,7,37,13.22,scattered clouds,2021-04-11 03:13:08
303,Ewa Beach,US,21.3156,-158.0072,78.8,41,90,10.36,overcast clouds,2021-04-11 03:13:08
304,Ahuimanu,US,21.4447,-157.8378,77.0,56,40,11.5,scattered clouds,2021-04-11 03:13:09
305,North Vanlaiphai,IN,23.1333,93.0667,81.73,28,4,1.43,clear sky,2021-04-11 03:13:09
306,San Patricio,US,28.017,-97.5169,73.99,68,1,5.75,clear sky,2021-04-11 03:13:09
307,Inhambane,MZ,-23.865,35.3833,72.46,82,2,5.14,clear sky,2021-04-11 03:13:10
308,Brokopondo,SR,4.75,-55.1667,74.7,94,100,6.87,light rain,2021-04-11 03:13:10
309,Plainview,US,40.7765,-73.4673,54.0,100,90,4.61,mist,2021-04-11 03:13:10
310,Elizabeth City,US,36.2946,-76.2511,68.0,82,1,6.91,clear sky,2021-04-11 03:13:11
311,Deputatskiy,RU,69.3,139.9,-4.14,81,8,4.09,clear sky,2021-04-11 03:13:11
312,Ayan,RU,56.45,138.1667,28.47,90,95,5.26,overcast clouds,2021-04-11 03:13:12
313,Enshi,CN,30.3,109.4833,54.09,95,100,0.4,overcast clouds,2021-04-11 03:13:12
314,Kungurtug,RU,50.5994,97.5228,27.41,67,96,4.09,overcast clouds,2021-04-11 03:13:12
315,Cicevac,RS,43.7188,21.4408,37.4,70,0,2.3,clear sky,2021-04-11 03:13:13
316,Takoradi,GH,4.8845,-1.7554,79.32,88,18,7.31,few clouds,2021-04-11 03:13:13
317,Itarema,BR,-2.9248,-39.9167,78.76,84,29,12.66,scattered clouds,2021-04-11 03:13:13
318,Touros,BR,-5.1989,-35.4608,75.2,100,75,6.91,broken clouds,2021-04-11 03:13:14
319,Masuguru,TZ,-11.3667,38.4167,69.71,98,99,2.73,overcast clouds,2021-04-11 03:13:14
320,Westerland,DE,54.9079,8.3033,35.6,87,90,23.02,light snow,2021-04-11 03:13:14
321,Chadiza,ZM,-14.0678,32.4392,57.9,91,92,2.95,overcast clouds,2021-04-11 03:13:15
322,Mahebourg,MU,-20.4081,57.7,77.0,78,75,6.91,broken clouds,2021-04-11 03:13:15
323,Sibolga,ID,1.7427,98.7792,84.87,67,26,2.93,scattered clouds,2021-04-11 03:13:16
324,Dwarka,IN,22.2394,68.9678,80.89,66,0,11.54,clear sky,2021-04-11 03:13:16
325,Cherskiy,RU,68.75,161.3,-2.02,81,85,4.36,overcast clouds,2021-04-11 03:19:36
326,Monte Aprazivel,BR,-20.7725,-49.7142,75.2,38,0,2.3,clear sky,2021-04-11 03:13:16
327,Ketchikan,US,55.3422,-131.6461,35.6,80,90,8.05,light rain,2021-04-11 03:13:17
328,Pasni,PK,25.2631,63.471,78.06,51,3,8.66,clear sky,2021-04-11 03:13:17
329,Buin,CL,-33.7333,-70.75,59.0,51,0,6.91,clear sky,2021-04-11 03:13:17
330,Mayo,US,38.8876,-76.5119,62.01,88,1,4.61,clear sky,2021-04-11 03:13:18
331,Talnakh,RU,69.4865,88.3972,26.24,96,77,3.83,broken clouds,2021-04-11 03:13:18
332,Alekseyevsk,RU,57.8406,108.3492,20.97,67,94,4.76,overcast clouds,2021-04-11 03:13:19
333,Saquena,PE,-4.6667,-73.5167,73.35,97,90,0.89,overcast clouds,2021-04-11 03:13:19
334,Mackay,AU,-21.15,149.2,91.0,62,24,8.05,few clouds,2021-04-11 03:13:20
335,Saint-Denis,FR,48.9167,2.3333,44.01,93,90,11.5,light intensity drizzle,2021-04-11 03:13:20
336,Gunjur,GM,13.2019,-16.7339,69.8,88,0,3.44,clear sky,2021-04-11 03:13:20
337,Nouadhibou,MR,20.931,-17.0347,66.2,72,88,20.71,overcast clouds,2021-04-11 03:13:21
338,Tiznit,MA,29.5833,-9.5,55.06,90,86,4.0,overcast clouds,2021-04-11 03:13:21
339,Toba,JP,34.4833,136.85,57.99,67,19,8.99,few clouds,2021-04-11 03:13:21
340,Ilo,PE,-17.6394,-71.3375,66.83,82,37,6.06,scattered clouds,2021-04-11 03:13:22
341,Karema,TZ,-6.8205,30.4389,67.98,86,100,7.76,light rain,2021-04-11 03:13:22
342,Dehloran,IR,32.6941,47.2679,74.75,34,6,6.33,clear sky,2021-04-11 03:13:22
343,Madikeri,IN,12.4167,75.7333,72.36,73,13,1.43,few clouds,2021-04-11 03:13:23
344,Moerai,PF,-22.4333,-151.3333,78.15,80,92,13.29,light rain,2021-04-11 03:13:23
345,Quatre Cocos,MU,-20.2078,57.7625,79.0,83,40,9.22,scattered clouds,2021-04-11 03:13:24
346,Shahdol,IN,23.2833,81.35,88.11,25,21,2.64,few clouds,2021-04-11 03:12:03
347,Tazovskiy,RU,67.4667,78.7,28.56,92,100,14.85,overcast clouds,2021-04-11 03:13:24
348,Bonthe,SL,7.5264,-12.505,78.69,91,100,5.19,light rain,2021-04-11 03:13:24
349,Bar Harbor,US,44.3876,-68.2039,44.6,81,90,6.91,overcast clouds,2021-04-11 03:13:25
350,Salinas,US,36.6777,-121.6555,53.6,71,1,12.66,clear sky,2021-04-11 03:10:09
351,Muncar,ID,-8.4333,114.3333,86.0,67,43,3.4,scattered clouds,2021-04-11 03:11:16
352,Trapani,IT,37.8333,12.6667,57.99,100,0,13.8,clear sky,2021-04-11 03:12:07
353,Sept-Iles,CA,50.2001,-66.3821,35.01,64,40,4.61,scattered clouds,2021-04-11 03:09:19
354,Kerouane,GN,9.2667,-9.0167,76.98,63,100,4.94,overcast clouds,2021-04-11 03:13:26
355,Bridgewater,CA,44.3835,-64.5155,42.8,56,88,11.5,overcast clouds,2021-04-11 03:13:26
356,Asyut,EG,27.181,31.1837,50.0,71,0,11.5,clear sky,2021-04-11 03:19:42
357,Fort Nelson,CA,58.8053,-122.7002,24.8,46,75,8.05,broken clouds,2021-04-11 03:13:27
358,Puerto Gaitan,CO,4.3133,-72.0816,73.83,87,23,2.33,few clouds,2021-04-11 03:09:24
359,Vila Franca Do Campo,PT,37.7167,-25.4333,62.6,94,75,9.22,fog,2021-04-11 03:13:27
360,Panaba,MX,21.2833,-88.2667,79.05,75,0,14.23,clear sky,2021-04-11 03:13:28
361,Saint George,US,37.1041,-113.5841,75.0,10,1,3.44,clear sky,2021-04-11 03:13:03
362,Yanam,IN,16.7333,82.2167,86.0,70,53,5.75,haze,2021-04-11 03:13:28
363,Grindavik,IS,63.8424,-22.4338,33.8,100,75,12.66,snow,2021-04-11 03:13:28
364,Rehoboth,NA,-23.3167,17.0833,63.0,38,0,5.77,clear sky,2021-04-11 03:13:29
365,Tete,MZ,-16.1564,33.5867,75.2,78,0,5.75,clear sky,2021-04-11 03:13:29
366,Barsovo,RU,61.1667,73.1667,35.6,100,75,6.71,moderate rain,2021-04-11 03:13:30
367,Nerchinskiy Zavod,RU,51.3088,119.61,34.66,27,100,7.16,overcast clouds,2021-04-11 03:13:30
368,Constitucion,CL,-35.3333,-72.4167,52.68,77,0,10.4,clear sky,2021-04-11 03:19:44
369,Mount Gambier,AU,-37.8333,140.7667,57.2,58,90,24.16,overcast clouds,2021-04-11 03:13:31
370,Byron Bay,AU,-28.65,153.6167,79.0,38,24,11.5,few clouds,2021-04-11 03:13:31
371,Yerbogachen,RU,61.2767,108.0108,17.69,66,6,5.61,clear sky,2021-04-11 03:13:31
372,Sur,OM,22.5667,59.5289,81.52,56,0,6.89,clear sky,2021-04-11 03:13:32
373,Yar-Sale,RU,66.8333,70.8333,29.75,90,20,15.5,few clouds,2021-04-11 03:13:32
374,Lom,BG,43.8139,23.2361,41.79,59,3,3.06,clear sky,2021-04-11 03:13:32
375,Natchitoches,US,31.7668,-93.1335,57.2,77,1,6.38,clear sky,2021-04-11 03:13:33
376,Haimen,CN,23.1935,116.6142,73.4,56,0,4.47,clear sky,2021-04-11 03:13:33
377,Chicama,PE,-7.8447,-79.1469,71.02,81,99,6.87,overcast clouds,2021-04-11 03:13:34
378,Abnub,EG,27.2696,31.1511,50.0,71,0,11.5,clear sky,2021-04-11 03:10:09
379,Petropavlovsk-Kamchatskiy,RU,53.0452,158.6483,44.6,42,6,6.71,clear sky,2021-04-11 03:13:34
380,Lumatil,PH,5.8747,124.8883,86.0,66,40,5.75,scattered clouds,2021-04-11 03:13:35
381,Sainte-Maxime,FR,43.3,6.6333,51.01,93,100,1.14,overcast clouds,2021-04-11 03:13:35
382,Sindor,RU,62.8629,51.8905,32.81,88,1,8.95,clear sky,2021-04-11 03:13:35
383,Keroka,KE,-0.7758,34.9453,52.61,97,94,4.25,overcast clouds,2021-04-11 03:13:36
384,Mawlaik,MM,23.6333,94.4167,96.93,24,6,2.46,clear sky,2021-04-11 03:13:36
385,Toora-Khem,RU,52.4675,96.11,32.29,55,72,4.34,broken clouds,2021-04-11 03:13:36
386,Tarko-Sale,RU,64.9225,77.785,29.88,91,35,8.16,scattered clouds,2021-04-11 03:13:37
387,Sao Joao Batista,BR,-27.2761,-48.8494,71.01,97,100,1.72,overcast clouds,2021-04-11 03:13:37
388,Mildura,AU,-34.2,142.15,64.4,32,40,14.97,scattered clouds,2021-04-11 03:13:37
389,Maine-Soroa,NE,13.2114,12.0241,80.1,16,92,9.17,overcast clouds,2021-04-11 03:13:38
390,Benidorm,ES,38.5382,-0.131,57.99,92,5,9.4,clear sky,2021-04-11 03:13:38
391,Amarante Do Maranhao,BR,-5.5667,-46.7422,73.45,82,39,1.28,scattered clouds,2021-04-11 03:13:38
392,Esperance,AU,-33.8667,121.9,64.4,59,99,14.97,overcast clouds,2021-04-11 03:13:39
393,Sarakhs,IR,36.5449,61.1577,55.4,54,40,2.57,scattered clouds,2021-04-11 03:13:39
394,Ibra,OM,22.6906,58.5334,73.87,65,0,0.92,clear sky,2021-04-11 03:13:39
395,Rio Grande,BR,-32.035,-52.0986,73.0,96,100,12.71,light rain,2021-04-11 03:13:40
396,Anadia,BR,-9.6844,-36.3042,71.6,100,75,5.75,broken clouds,2021-04-11 03:13:40
397,Birjand,IR,32.8663,59.2211,59.0,17,40,6.91,scattered clouds,2021-04-11 03:13:40
398,Ginda,IN,30.6945,78.4932,68.63,10,0,1.77,clear sky,2021-04-11 03:13:41
399,Belfast,GB,54.5833,-5.9333,37.0,80,14,6.91,few clouds,2021-04-11 03:09:53
400,Kavaratti,IN,10.5669,72.642,83.21,65,95,3.02,overcast clouds,2021-04-11 03:13:41
401,Nelson Bay,AU,-32.7167,152.15,68.0,28,17,21.85,few clouds,2021-04-11 03:09:08
402,Bontang,ID,0.1333,117.5,84.67,68,100,4.79,overcast clouds,2021-04-11 03:13:42
403,Milkovo,RU,54.7167,158.6167,30.47,55,12,3.11,few clouds,2021-04-11 03:13:42
404,Novosil,RU,52.9739,37.0405,35.53,65,0,1.32,clear sky,2021-04-11 03:13:43
405,Kalvarija,LT,54.4,23.2333,39.33,94,100,6.71,overcast clouds,2021-04-11 03:13:43
406,Nyurba,RU,63.2842,118.3319,13.8,76,98,8.1,overcast clouds,2021-04-11 03:13:43
407,Lima,PE,-12.0432,-77.0282,72.0,83,0,5.75,clear sky,2021-04-11 03:12:58
408,Amazar,RU,53.858,120.875,26.87,34,99,8.16,overcast clouds,2021-04-11 03:13:44
409,Ambulu,ID,-8.345,113.6058,85.73,67,23,2.82,few clouds,2021-04-11 03:13:44
410,San Quintin,MX,30.4833,-115.95,58.57,85,92,14.79,overcast clouds,2021-04-11 03:13:45
411,Lagos,NG,6.5833,3.75,77.0,94,20,2.3,few clouds,2021-04-11 03:11:11
412,Aquiraz,BR,-3.9014,-38.3911,82.4,94,75,9.22,broken clouds,2021-04-11 03:13:45
413,Quelimane,MZ,-17.8786,36.8883,73.4,94,75,3.44,broken clouds,2021-04-11 03:13:45
414,Vao,NC,-22.6667,167.4833,77.16,84,100,18.45,overcast clouds,2021-04-11 03:13:46
415,Casablanca,MA,33.5928,-7.6192,50.0,100,8,4.61,clear sky,2021-04-11 03:13:46
416,Flin Flon,CA,54.7682,-101.865,33.64,86,100,9.93,light snow,2021-04-11 03:13:46
417,Terrace,CA,54.5163,-128.6035,37.4,70,90,13.8,overcast clouds,2021-04-11 03:13:47
418,Lakatoro,VU,-16.0999,167.4164,82.94,74,87,7.56,light rain,2021-04-11 03:13:47
419,Batetskiy,RU,58.6461,30.3027,29.44,84,5,4.63,clear sky,2021-04-11 03:13:48
420,Purna,IN,19.1833,77.05,91.65,25,91,6.29,overcast clouds,2021-04-11 03:13:48
421,Merauke,ID,-8.4667,140.3333,83.5,70,25,5.37,light rain,2021-04-11 03:13:48
422,Rio Gallegos,AR,-51.6226,-69.2181,44.6,57,0,8.05,clear sky,2021-04-11 03:11:30
423,Teguise,ES,29.0605,-13.564,64.4,82,0,6.91,clear sky,2021-04-11 03:13:49
424,Flinders,AU,-34.5833,150.8552,66.0,42,5,11.01,clear sky,2021-04-11 03:13:49
425,Viedma,AR,-40.8135,-62.9967,57.4,68,72,7.07,broken clouds,2021-04-11 03:13:49
426,Puerto Colombia,CO,10.9878,-74.9547,78.8,89,20,8.05,fog,2021-04-11 03:13:50
427,Zainsk,RU,55.3195,52.0694,48.2,76,0,8.95,moderate rain,2021-04-11 03:13:50
428,Kaabong,UG,3.4836,34.1492,65.1,78,78,6.04,broken clouds,2021-04-11 03:13:50
429,Tura,IN,25.5198,90.2201,84.2,49,0,7.16,clear sky,2021-04-11 03:19:53
430,Beringovskiy,RU,63.05,179.3167,8.11,93,100,22.95,light snow,2021-04-11 03:13:51
431,Nishihara,JP,26.1842,127.7558,73.4,68,75,20.71,broken clouds,2021-04-11 03:13:51
432,Poopo,BO,-18.3667,-66.9667,49.15,62,100,6.35,overcast clouds,2021-04-11 03:13:52
433,Tautira,PF,-17.7333,-149.15,86.0,65,40,9.22,light rain,2021-04-11 03:13:52
434,Lamu,KE,-2.2717,40.902,78.8,94,75,9.4,broken clouds,2021-04-11 03:13:52
435,Sidi Ali,DZ,36.0998,0.4206,55.38,93,100,3.33,overcast clouds,2021-04-11 03:13:53
436,Cervo,ES,43.6702,-7.4101,44.01,100,100,5.99,overcast clouds,2021-04-11 03:13:53
437,Sambava,MG,-14.2667,50.1667,74.43,88,100,7.27,overcast clouds,2021-04-11 03:13:53
438,Los Llanos De Aridane,ES,28.6585,-17.9182,64.4,72,0,6.91,clear sky,2021-04-11 03:13:54
439,Kyra,RU,49.5776,111.9753,30.11,68,100,6.58,light snow,2021-04-11 03:13:54
440,Kisber,HU,47.5029,18.0367,50.0,81,0,10.36,clear sky,2021-04-11 03:13:55
441,Khani,GE,41.9563,42.9566,44.6,93,90,6.91,light rain,2021-04-11 03:13:55
442,Chany,RU,55.3121,76.7647,33.08,99,100,1.97,overcast clouds,2021-04-11 03:13:55
443,Broome,US,42.2506,-75.833,59.0,82,1,8.05,clear sky,2021-04-11 03:13:56
444,Comodoro Rivadavia,AR,-45.8667,-67.5,59.0,47,0,25.32,clear sky,2021-04-11 03:19:56
445,Saint-Augustin,CA,51.226,-58.6502,38.25,95,100,18.12,overcast clouds,2021-04-11 03:19:56
446,Kysyl-Syr,RU,63.8986,122.7617,12.88,76,95,8.86,overcast clouds,2021-04-11 03:13:56
447,Katherine,AU,-14.4667,132.2667,95.0,34,82,4.61,broken clouds,2021-04-11 03:13:57
448,Tocopilla,CL,-22.092,-70.1979,66.79,80,32,6.8,scattered clouds,2021-04-11 03:13:57
449,Erzin,TR,36.9559,36.2,46.0,88,100,4.05,overcast clouds,2021-04-11 03:13:57
450,Bambanglipuro,ID,-7.95,110.2833,86.38,65,60,4.9,broken clouds,2021-04-11 03:13:58
451,Mutoko,ZW,-17.397,32.2268,53.01,85,26,4.12,scattered clouds,2021-04-11 03:13:58
452,Dawlatabad,AF,36.4141,64.9053,69.37,29,1,1.25,clear sky,2021-04-11 03:13:58
453,Abashiri,JP,44.0213,144.2697,55.4,19,0,6.91,clear sky,2021-04-11 03:13:59
454,Illapel,CL,-31.6308,-71.1653,61.16,57,0,2.37,clear sky,2021-04-11 03:13:59
455,Edson,CA,53.5835,-116.4356,28.4,59,75,11.5,broken clouds,2021-04-11 03:14:00
456,Jieshi,CN,22.8134,115.8257,75.99,58,26,1.01,scattered clouds,2021-04-11 03:14:00
457,Vanimo,PG,-2.6741,141.3028,86.68,65,95,9.89,overcast clouds,2021-04-11 03:14:00
458,Thinadhoo,MV,0.5333,72.9333,83.26,68,72,9.51,broken clouds,2021-04-11 03:14:01
459,Bilma,NE,18.6853,12.9164,80.06,8,1,9.95,clear sky,2021-04-11 03:14:01
460,Tevaitoa,PF,-16.7833,-151.5,82.33,72,74,9.24,light rain,2021-04-11 03:14:01
461,Vanavara,RU,60.34,102.2797,27.43,70,17,7.81,few clouds,2021-04-11 03:14:02
462,Lewistown,US,40.5992,-77.5714,59.0,100,90,5.17,overcast clouds,2021-04-11 03:14:02
463,Hit,IQ,33.6416,42.8251,58.39,39,0,15.79,clear sky,2021-04-11 03:14:02
464,Xam Nua,LA,20.4197,104.0439,73.69,75,79,3.09,broken clouds,2021-04-11 03:14:03
465,Duluth,US,46.7833,-92.1066,44.6,75,90,12.66,overcast clouds,2021-04-11 03:12:03
466,Roald,NO,62.5833,6.1333,35.6,87,90,12.66,light snow,2021-04-11 03:14:03
467,Marsh Harbour,BS,26.5412,-77.0636,75.18,71,0,16.06,clear sky,2021-04-11 03:14:04
468,Baker City,US,44.7749,-117.8344,35.6,41,90,13.8,overcast clouds,2021-04-11 03:14:04
469,Vitim,RU,59.4511,112.5578,15.82,77,100,7.07,overcast clouds,2021-04-11 03:14:04
470,Poya,NC,-21.35,165.15,78.94,83,93,6.35,overcast clouds,2021-04-11 03:14:05
471,Damietta,EG,31.4165,31.8133,55.4,62,40,13.8,scattered clouds,2021-04-11 03:14:05
472,Xihe,CN,31.6864,113.4659,56.97,89,100,2.68,light rain,2021-04-11 03:14:05
473,Trofaiach,AT,47.4167,15.0,45.0,65,75,12.66,broken clouds,2021-04-11 03:14:06
474,Soubre,CI,5.7856,-6.6083,73.62,96,67,2.8,broken clouds,2021-04-11 03:14:06
475,Imbituba,BR,-28.24,-48.6703,77.0,88,0,9.22,clear sky,2021-04-11 03:14:06
476,Biak,ID,-0.9131,122.8766,83.79,67,82,1.41,broken clouds,2021-04-11 03:14:07
477,Gariaband,IN,20.635,82.0614,78.8,65,75,3.44,haze,2021-04-11 03:14:07
478,Laguna,US,38.421,-121.4238,68.0,42,1,9.22,clear sky,2021-04-11 03:14:07
479,Vardo,NO,70.3705,31.1107,28.24,69,2,27.11,clear sky,2021-04-11 03:14:08
480,Airai,TL,-8.9266,125.4092,74.23,51,86,1.77,overcast clouds,2021-04-11 03:14:08
481,Camacha,PT,33.0833,-16.3333,64.4,88,40,5.75,scattered clouds,2021-04-11 03:14:08
482,Oyama,JP,36.3,139.8,64.0,54,75,8.05,broken clouds,2021-04-11 03:14:09
483,Marystown,CA,47.1666,-55.1483,34.36,98,100,10.56,light snow,2021-04-11 03:14:09
484,Sohag,EG,26.557,31.6948,53.6,37,0,9.22,clear sky,2021-04-11 03:14:09
485,Albanel,CA,48.8832,-72.4487,44.6,53,80,8.05,broken clouds,2021-04-11 03:14:10
486,Kimbe,PG,-5.5502,150.1429,80.55,82,100,3.36,overcast clouds,2021-04-11 03:14:10
487,Skibotn,NO,69.3913,20.2679,33.8,93,75,6.91,snow,2021-04-11 03:14:11
488,Vilyuysk,RU,63.7553,121.6247,11.53,78,95,9.31,overcast clouds,2021-04-11 03:14:11
489,Avenal,US,36.0041,-120.129,68.0,37,1,6.91,clear sky,2021-04-11 03:14:11
490,Lavrentiya,RU,65.5833,-171.0,1.9,78,100,21.97,overcast clouds,2021-04-11 03:14:12
491,Guabito,PA,9.5,-82.6167,76.8,90,100,1.92,overcast clouds,2021-04-11 03:14:12
492,Mahon,ES,39.8885,4.2658,53.6,94,20,4.61,few clouds,2021-04-11 03:14:12
493,Burnie,AU,-41.0667,145.9167,51.01,65,37,27.0,scattered clouds,2021-04-11 03:14:13
494,Payo,ID,-3.7508,103.6372,87.22,62,26,2.3,scattered clouds,2021-04-11 03:14:13
495,Rocha,UY,-34.4833,-54.3333,67.96,99,100,9.91,overcast clouds,2021-04-11 03:14:14
496,Eregli,TR,37.5133,34.0467,29.7,90,100,5.01,light snow,2021-04-11 03:14:14
497,Voznesenskaya,RU,44.5527,41.0318,39.24,93,100,2.95,overcast clouds,2021-04-11 03:14:15
498,Tawang,IN,27.5833,91.8667,52.95,53,35,5.68,scattered clouds,2021-04-11 03:14:15
499,Kushima,JP,31.4583,131.2333,66.2,55,75,17.27,broken clouds,2021-04-11 03:14:15
500,Makakilo City,US,21.3469,-158.0858,78.8,41,90,10.36,overcast clouds,2021-04-11 03:14:16
501,Kuytun,RU,54.3419,101.5036,24.4,64,20,7.92,few clouds,2021-04-11 03:14:16
502,Suntar,RU,62.1444,117.6319,14.67,74,100,8.12,overcast clouds,2021-04-11 03:14:17
503,Togur,RU,58.3631,82.8265,37.13,86,100,6.73,overcast clouds,2021-04-11 03:14:17
504,Pozo Colorado,PY,-23.4923,-58.7972,82.76,50,44,6.04,scattered clouds,2021-04-11 03:14:17
505,Big Spring,US,32.2504,-101.4787,64.0,25,1,8.05,clear sky,2021-04-11 03:14:18
506,Gizo,SB,-8.103,156.8419,81.32,80,100,14.18,moderate rain,2021-04-11 03:14:18
507,Iracoubo,GF,5.4802,-53.2011,77.0,87,100,6.73,heavy intensity rain,2021-04-11 03:14:18
508,Lanzhou,CN,36.0564,103.7922,46.4,66,0,4.47,clear sky,2021-04-11 03:14:19
509,Coquimbo,CL,-29.9533,-71.3436,55.4,82,0,3.44,clear sky,2021-04-11 03:14:19
510,Dharur,IN,18.8167,76.1167,86.41,27,53,6.06,broken clouds,2021-04-11 03:13:07
511,Manitowoc,US,44.0667,-87.8001,50.0,100,90,14.97,light rain,2021-04-11 03:10:05
512,Lodwar,KE,3.1191,35.5973,84.6,48,93,10.07,overcast clouds,2021-04-11 03:14:20
513,Tranby,NO,59.8167,10.25,28.99,67,0,1.01,clear sky,2021-04-11 03:14:20
514,Jojoima,SL,7.8792,-10.7878,75.25,93,100,1.86,overcast clouds,2021-04-11 03:14:21
515,Hobyo,SO,5.3505,48.5268,81.54,60,16,14.25,few clouds,2021-04-11 03:14:21
516,Mehamn,NO,71.0357,27.8492,30.83,94,100,20.83,light snow,2021-04-11 03:14:21
517,Lerwick,GB,60.1545,-1.1494,32.0,86,53,10.36,broken clouds,2021-04-11 03:14:22
518,Carutapera,BR,-1.195,-46.02,75.54,94,100,4.52,overcast clouds,2021-04-11 03:14:22
519,Vanderhoof,CA,54.0166,-124.0198,32.31,60,94,3.76,overcast clouds,2021-04-11 03:14:22
520,Havelock,US,34.8791,-76.9013,71.6,83,1,10.36,clear sky,2021-04-11 03:14:23
521,Ricse,HU,48.3256,21.9707,37.4,81,0,1.14,clear sky,2021-04-11 03:14:23
522,Kalbay,PH,5.7233,125.4986,86.0,66,40,5.75,scattered clouds,2021-04-11 03:14:23
523,Fushun,CN,41.8558,123.9233,64.4,29,0,17.9,clear sky,2021-04-11 03:14:24
524,Peterhead,GB,57.5058,-1.7981,36.0,86,27,6.91,scattered clouds,2021-04-11 03:14:24
525,Vallenar,CL,-28.5708,-70.7581,65.23,54,0,1.83,clear sky,2021-04-11 03:20:11
526,Bahia Blanca,AR,-38.7196,-62.2724,56.86,85,100,3.58,moderate rain,2021-04-11 03:14:25
527,Tifton,US,31.4505,-83.5085,60.8,94,1,3.44,clear sky,2021-04-11 03:14:25
528,Chengdu,CN,30.6667,104.0667,59.0,94,40,2.53,scattered clouds,2021-04-11 03:11:01
529,Santiago Del Estero,AR,-27.7951,-64.2615,62.44,69,100,24.14,overcast clouds,2021-04-11 03:11:25
530,Aklavik,CA,68.2191,-135.0107,-2.2,54,1,5.75,clear sky,2021-04-11 03:14:26
531,Coahuayana,MX,18.7333,-103.6833,70.09,79,75,1.72,broken clouds,2021-04-11 03:14:26
532,Luanda,AO,-8.8368,13.2343,77.0,83,40,2.3,scattered clouds,2021-04-11 03:11:05
533,Shuangcheng,CN,45.35,126.2833,66.0,51,20,8.95,smoke,2021-04-11 03:14:26
534,Chipinge,ZW,-20.1883,32.6236,55.44,93,0,2.55,clear sky,2021-04-11 03:14:27
535,Umm Lajj,SA,25.0213,37.2685,67.21,49,0,10.54,clear sky,2021-04-11 03:14:27
536,Poum,NC,-20.2333,164.0167,79.38,79,61,12.01,broken clouds,2021-04-11 03:14:28
537,Half Moon Bay,US,37.4636,-122.4286,57.2,87,1,13.8,haze,2021-04-11 03:14:28
538,Katsuura,JP,35.1333,140.3,61.0,54,20,4.61,few clouds,2021-04-11 03:17:24
539,Otane,NZ,-39.8833,176.6333,77.0,82,21,7.0,few clouds,2021-04-11 03:14:28
540,Gushikawa,JP,26.3544,127.8686,73.4,68,90,20.71,overcast clouds,2021-04-11 03:14:24
541,Artvin,TR,41.1667,41.8333,44.6,93,75,2.3,broken clouds,2021-04-11 03:11:16
542,Sorong,ID,-0.8833,131.25,82.72,73,100,4.45,light rain,2021-04-11 03:20:14
543,Bandar-E Lengeh,IR,26.5579,54.8807,78.8,65,0,11.5,clear sky,2021-04-11 03:14:29
544,Kamenka,RU,51.3223,42.7678,37.0,92,99,12.77,overcast clouds,2021-04-11 03:14:29
545,Port Augusta,AU,-32.5,137.7667,66.2,42,40,13.8,scattered clouds,2021-04-11 03:14:30
546,North Bend,US,43.4065,-124.2243,45.0,70,1,13.8,clear sky,2021-04-11 03:14:28
547,Jadu,LY,31.953,12.0261,53.51,50,77,20.49,broken clouds,2021-04-11 03:14:30
548,Port Hardy,CA,50.6996,-127.4199,42.8,61,40,12.66,scattered clouds,2021-04-11 03:14:31
549,Guisa,CU,20.255,-76.5386,75.2,83,0,9.22,clear sky,2021-04-11 03:14:31
550,Havre-Saint-Pierre,CA,50.2334,-63.5986,33.8,69,90,8.05,overcast clouds,2021-04-11 03:14:31
551,Mabay,PH,6.0577,124.4666,86.0,66,40,5.75,scattered clouds,2021-04-11 03:14:32
552,Praia Da Vitoria,PT,38.7333,-27.0667,61.0,100,75,19.37,light intensity drizzle,2021-04-11 03:14:32
553,Nuuk,GL,64.1835,-51.7216,26.6,100,90,8.05,light snow,2021-04-11 03:14:33
554,Rykhtychi,UA,49.3851,23.5566,35.01,80,0,8.95,clear sky,2021-04-11 03:14:33
555,Nabire,ID,-3.3667,135.4833,86.77,62,47,5.12,scattered clouds,2021-04-11 03:14:34
556,Bubaque,GW,11.2833,-15.8333,76.5,71,4,13.87,clear sky,2021-04-11 03:14:34
557,Axim,GH,4.8699,-2.2405,79.93,86,53,8.61,broken clouds,2021-04-11 03:14:34
558,Two Rivers,US,44.1539,-87.5693,48.99,100,90,14.97,light rain,2021-04-11 03:14:35
559,Elat,IL,29.5581,34.9482,50.63,60,1,7.4,clear sky,2021-04-11 03:14:35
560,Pemba,MZ,-12.974,40.5178,75.2,94,40,8.05,scattered clouds,2021-04-11 03:14:35
561,Novoorsk,RU,51.381,58.9813,33.8,100,90,6.71,fog,2021-04-11 03:14:36
562,Arica,CL,-18.475,-70.3042,68.0,64,90,4.61,overcast clouds,2021-04-11 03:14:36
563,Ponta Delgada,PT,37.7333,-25.6667,62.6,94,75,9.22,fog,2021-04-11 03:14:36
564,Uryupinsk,RU,50.8047,42.0138,39.99,92,99,12.3,overcast clouds,2021-04-11 03:14:37
565,Vasai,IN,19.47,72.8,84.2,61,40,6.91,haze,2021-04-11 03:14:37
566,Araouane,ML,18.9048,-3.5265,81.63,12,3,7.4,clear sky,2021-04-11 03:14:37
567,Honningsvag,NO,70.9821,25.9704,35.64,80,100,13.0,overcast clouds,2021-04-11 03:14:38
568,Waitati,NZ,-45.75,170.5667,66.0,65,90,5.01,overcast clouds,2021-04-11 03:14:38
569,Verkh-Usugli,RU,52.7,115.1667,29.61,24,36,6.17,scattered clouds,2021-04-11 03:14:38
570,Charyshskoye,RU,51.3978,83.5598,35.2,77,5,5.32,clear sky,2021-04-11 03:14:39
571,Koslan,RU,63.4564,48.8989,34.54,83,100,11.88,overcast clouds,2021-04-11 03:14:39
572,Fayaoue,NC,-20.65,166.5333,80.74,80,99,10.94,overcast clouds,2021-04-11 03:12:37
573,Marzuq,YE,14.4,46.4667,66.02,16,3,5.82,clear sky,2021-04-11 03:14:40
574,Atasu,KZ,48.6814,71.6433,40.33,58,0,18.54,clear sky,2021-04-11 03:14:40
575,Anadyr,RU,64.75,177.4833,10.4,61,100,13.42,overcast clouds,2021-04-11 03:14:40
576,Puerto Del Rosario,ES,28.5004,-13.8627,62.6,82,0,8.05,clear sky,2021-04-11 03:14:41
577,Mahenge,TZ,-8.6833,36.7167,61.68,97,99,2.3,light rain,2021-04-11 03:14:41
578,Healesville,AU,-37.65,145.5167,48.99,98,98,5.01,light rain,2021-04-11 03:14:41
579,Jaroslaw,PL,50.0162,22.6778,48.99,75,0,8.05,clear sky,2021-04-11 03:14:42
580,Maragogi,BR,-9.0122,-35.2225,77.16,89,99,7.61,overcast clouds,2021-04-11 03:14:42
581,Prince George,CA,53.9166,-122.753,35.01,75,75,5.75,broken clouds,2021-04-11 03:10:03
582,Raga,SS,8.4596,25.678,72.21,16,99,4.43,overcast clouds,2021-04-11 03:14:43
583,Willowmore,ZA,-33.2926,23.4895,60.66,67,100,3.38,overcast clouds,2021-04-11 03:14:43
584,Portel,BR,-1.9356,-50.8211,73.94,96,100,3.06,overcast clouds,2021-04-11 03:14:43
585,Preston,GB,53.7667,-2.7167,34.0,87,99,3.87,overcast clouds,2021-04-11 03:14:44
586,Kristiinankaupunki,FI,62.2743,21.376,33.75,78,0,11.14,clear sky,2021-04-11 03:14:44
587,Lafia,NG,8.4833,8.5167,80.8,67,92,9.13,overcast clouds,2021-04-11 03:14:44
588,Derzhavinsk,KZ,51.1,66.3167,34.16,80,4,14.16,clear sky,2021-04-11 03:14:45
589,Birobidzhan,RU,48.8,132.95,56.82,42,100,8.61,overcast clouds,2021-04-11 03:14:45
590,Te Anau,NZ,-45.4167,167.7167,56.95,88,99,3.44,overcast clouds,2021-04-11 03:14:45
591,Mitu,CO,1.1983,-70.1733,70.74,99,100,0.87,overcast clouds,2021-04-11 03:13:24
592,Antalaha,MG,-14.9003,50.2788,72.97,89,100,5.5,overcast clouds,2021-04-11 03:14:46
593,Alta Floresta,BR,-9.8756,-56.0861,71.73,95,31,2.26,scattered clouds,2021-04-11 03:14:46
594,Phan Thiet,VN,10.9333,108.1,88.84,53,56,13.51,broken clouds,2021-04-11 03:14:47
595,Kiama,AU,-34.6833,150.8667,66.0,42,7,11.01,clear sky,2021-04-11 03:12:02
596,Rengo,CL,-34.4167,-70.8667,51.8,66,0,3.44,clear sky,2021-04-11 03:14:47
597,Peniche,PT,39.3558,-9.3811,59.0,91,3,5.99,clear sky,2021-04-11 03:14:47
598,Wausau,US,44.9591,-89.6301,51.8,76,90,9.22,light rain,2021-04-11 03:14:48
599,Barcelos,PT,41.5388,-8.6151,55.4,94,75,4.43,broken clouds,2021-04-11 03:13:02
600,Chimore,BO,-16.9833,-65.1333,71.06,99,96,1.28,overcast clouds,2021-04-11 03:14:48
601,Asau,RO,46.4333,26.4,32.0,59,0,3.04,light snow,2021-04-11 03:14:49
602,Umm Kaddadah,SD,13.6017,26.6876,74.52,17,19,23.06,few clouds,2021-04-11 03:14:49
603,San Cristobal,VE,7.7669,-72.225,78.8,83,20,2.3,few clouds,2021-04-11 03:14:49
604,Solginskiy,RU,61.05,41.3428,35.62,84,99,10.74,overcast clouds,2021-04-11 03:14:50
605,Henties Bay,NA,-22.116,14.2845,75.99,47,0,1.99,clear sky,2021-04-11 03:14:50
606,Khudumelapye,BW,-23.8833,24.75,64.96,53,0,5.59,clear sky,2021-04-11 03:14:50
607,San-Pedro,CI,4.7485,-6.6363,78.44,88,90,6.08,overcast clouds,2021-04-11 03:14:51
608,Hirara,JP,24.8,125.2833,77.0,83,75,17.27,broken clouds,2021-04-11 03:14:51
609,Plaridel,PH,14.8872,120.8572,90.0,55,40,2.3,scattered clouds,2021-04-11 03:14:51
610,Oktyabrskoye,RU,43.0645,44.7417,42.8,93,70,2.24,broken clouds,2021-04-11 03:14:52
611,Kemin,KG,42.7846,75.6892,54.91,40,4,5.32,clear sky,2021-04-11 03:14:52
612,Suslovo,RU,56.2167,88.1167,34.7,81,68,3.78,broken clouds,2021-04-11 03:14:53
613,Cockburn Town,TC,21.4612,-71.1419,75.4,63,61,16.98,broken clouds,2021-04-11 03:14:53
614,Bodden Town,KY,19.2833,-81.25,80.6,78,20,6.91,few clouds,2021-04-11 03:14:53
615,Ayr,GB,55.4627,-4.6339,28.4,93,20,1.14,few clouds,2021-04-11 03:14:11
616,Launceston,AU,-41.45,147.1667,55.4,44,40,19.57,scattered clouds,2021-04-11 03:14:54
617,Am Timan,TD,11.0297,20.2827,80.89,11,100,4.83,overcast clouds,2021-04-11 03:14:54
618,Juegang,CN,32.3174,121.1855,57.99,89,100,1.01,light rain,2021-04-11 03:14:55
619,Homer,US,59.6425,-151.5483,30.2,47,75,12.66,broken clouds,2021-04-11 03:14:55
620,Champerico,GT,14.3,-91.9167,68.0,96,10,8.32,clear sky,2021-04-11 03:14:55
621,Skegness,GB,53.1436,0.3363,37.99,86,20,5.75,few clouds,2021-04-11 03:14:56
622,Fukue,JP,32.6881,128.8419,64.4,59,0,8.05,clear sky,2021-04-11 03:14:56
623,Buraydah,SA,26.326,43.975,69.8,43,20,13.8,few clouds,2021-04-11 03:14:57
624,Nurmijarvi,FI,60.4641,24.8073,35.01,93,20,10.36,few clouds,2021-04-11 03:14:57
625,Along,IN,28.1667,94.7667,70.66,76,70,1.7,broken clouds,2021-04-11 03:14:57
626,Casper,US,42.8666,-106.3131,52.0,25,1,16.11,clear sky,2021-04-11 03:10:47
627,Iztapa,GT,13.9333,-90.7075,82.4,78,40,4.61,scattered clouds,2021-04-11 03:14:58
628,Shingu,JP,33.7333,135.9833,62.6,51,20,9.22,few clouds,2021-04-11 03:14:58
629,Gandorhun,SL,7.5,-11.8333,77.54,91,100,2.53,overcast clouds,2021-04-11 03:14:59
630,Pangnirtung,CA,66.1451,-65.7125,29.77,77,100,5.19,overcast clouds,2021-04-11 03:14:59
631,Jiblah,YE,13.9216,44.1467,59.02,35,2,2.84,clear sky,2021-04-11 03:14:59
632,Conde,BR,-7.2597,-34.9075,75.2,100,75,8.05,broken clouds,2021-04-11 03:15:00
633,Lengshuitan,CN,26.4111,111.5956,62.47,86,99,1.25,light rain,2021-04-11 03:15:00
634,Richards Bay,ZA,-28.783,32.0377,67.62,88,5,9.13,clear sky,2021-04-11 03:10:06
635,Ballina,AU,-28.8667,153.5667,78.8,36,10,9.22,clear sky,2021-04-11 03:20:29
636,Palencia,ES,42.4167,-4.5,48.99,92,100,1.99,overcast clouds,2021-04-11 03:14:11
637,Abha,SA,18.2164,42.5053,62.6,23,0,9.22,clear sky,2021-04-11 03:15:01
638,San Borja,BO,-14.8167,-66.85,72.73,98,100,3.0,overcast clouds,2021-04-11 03:15:01
639,La Union,PE,-5.4,-80.75,76.37,65,92,15.99,overcast clouds,2021-04-11 03:15:04
640,Jacmel,HT,18.2342,-72.5347,75.2,83,66,6.91,broken clouds,2021-04-11 03:15:04
641,Kutum,SD,14.2,24.6667,67.5,19,4,17.31,clear sky,2021-04-11 03:15:05
642,Egvekinot,RU,66.3167,-179.1667,0.23,79,100,14.97,overcast clouds,2021-04-11 03:15:05
643,Ngunguru,NZ,-35.6167,174.5,77.0,73,1,5.99,clear sky,2021-04-11 03:15:05
644,Urucara,BR,-2.5364,-57.76,73.71,98,100,0.22,overcast clouds,2021-04-11 03:11:11
645,Komarovo,RU,60.1841,29.8175,35.01,74,0,6.71,clear sky,2021-04-11 03:15:06
646,Bielsk Podlaski,PL,52.7651,23.1865,48.99,62,100,1.01,overcast clouds,2021-04-11 03:15:06
647,Srandakan,ID,-7.9386,110.2506,86.54,65,61,5.17,broken clouds,2021-04-11 03:15:06
648,Walvis Bay,NA,-22.9575,14.5053,75.99,47,0,1.99,clear sky,2021-04-11 03:15:07
649,Bousso,TD,10.4795,16.7117,81.18,20,69,3.91,broken clouds,2021-04-11 03:15:07
650,Chepen,PE,-7.2167,-79.45,66.0,85,100,8.01,overcast clouds,2021-04-11 03:15:08
651,Miri,MY,4.4148,114.0089,86.0,66,20,6.91,few clouds,2021-04-11 03:15:08
652,Plettenberg Bay,ZA,-34.0527,23.3716,61.9,71,93,2.1,overcast clouds,2021-04-11 03:15:08
653,Kinablangan,PH,7.6947,126.5503,84.38,69,98,10.18,overcast clouds,2021-04-11 03:15:09
654,Nuevo Imperial,PE,-13.0754,-76.3172,70.32,82,92,0.09,overcast clouds,2021-04-11 03:15:09
655,Santa Rosa,PH,14.3122,121.1114,90.0,58,74,3.0,broken clouds,2021-04-11 03:15:10
656,Yelan-Kolenovskiy,RU,51.1632,41.151,38.39,73,82,12.3,broken clouds,2021-04-11 03:15:10
657,Anloga,GH,5.7947,0.8973,80.6,83,20,4.61,few clouds,2021-04-11 03:15:10
658,Maldonado,UY,-34.6667,-54.9167,70.0,94,75,11.5,broken clouds,2021-04-11 03:11:26
659,Bereda,ES,43.2686,-7.5406,46.99,100,100,5.99,overcast clouds,2021-04-11 03:15:11
